,rel_time(s),mean,std,max,min,ptp,skewness,kurtosis,signal_energy,fft_mean,fft_max,fft_freq_max,energy_band_0.1_1Hz,energy_band_1_3Hz,energy_band_3_5Hz,energy_band_5_10Hz,evid,label
0,0,-0.05412265412863838,13.102690319097862,52.86213271115052,-57.90155937203737,110.76369208318789,0.002035655177517216,2.8732904842139355,103010.05371592246,242.71084828847057,1864.8695686913327,1.0,4434244.659476182,12658633.56995988,4200954.0533736665,13143520.764004184,evid0005,0
1,30,0.09390050354352988,27.262402710868574,77.18758269900763,-83.342018366734,160.52960106574164,-0.06223637890867119,-0.04563895224643533,445948.4513244839,478.2331302569047,4938.821716022364,1.0,24722758.42001858,53021178.48357151,24457621.14549542,56195612.00756945,evid0005,0
2,60,-0.026062451054399957,27.403771151336183,90.20692345128401,-89.11316851116145,179.32009196244547,-0.1050174002451384,0.1332705073887963,450580.4115396962,468.41529300070425,4966.5086220695,1.0,25027765.164108474,57170508.02517913,18399634.673492752,60537208.837633565,evid0005,0
3,90,-0.024073631175805823,26.751344478428226,77.84118017272615,-95.55297629026936,173.3941564629955,0.008850834676416,-0.05350904197711914,429381.0065659502,463.5442376443743,4620.757914260818,1.0,21524612.905085605,53806208.05733252,18771639.100197565,56810139.23805398,evid0005,0
4,120,0.0017878550232669,26.49840728319446,93.61148283188788,-89.73968807195023,183.35117090383812,-0.0739174742367136,0.20148354832970572,421299.3550454873,462.21254168151285,4994.27791675275,1.0,25099301.288780496,56585917.950624384,19940977.762233898,50993237.60466707,evid0005,0
5,150,-0.055032812920758636,26.724382482687293,71.39990441608123,-92.81866778903046,164.21857220511168,-0.2246580306408346,-0.22282463610304237,428517.3886148769,468.7465253303849,4986.454492004643,1.0,25054623.329824954,54430639.177263044,21212842.673679367,54096297.15315224,evid0005,0
6,180,0.07735907307841652,28.927486261734863,82.61588744578887,-92.42181599232308,175.03770343811195,-0.04353507941997201,-0.11867709490530087,502083.267509428,495.2143513974132,5126.733981148887,1.0,26498955.896125857,61710856.823204756,26728720.169343397,63039538.95161763,evid0005,0
7,210,0.0050331934440202035,26.742997144262585,86.72178862018927,-79.02211432351577,165.74390294370505,0.04908266608899021,-0.2515958123409341,429112.7529546438,467.751429681269,5004.478449701895,1.0,25265759.632292047,56826916.832456686,19350272.910260174,54109384.63229736,evid0005,0
8,240,-0.0047073658429046365,25.58117816825332,70.9988586256608,-84.21681907142663,155.21567769708741,0.04880794391523622,-0.23125985886921274,392638.01918112807,436.79186465221215,4825.957300642076,1.0,23493667.83983597,49113692.01459093,17942057.180087212,51393248.12081734,evid0005,0
9,270,-0.03277052073661276,25.291745200413036,83.50861656829568,-62.91543720546084,146.42405377375653,0.152073584035444,-0.33113148856348706,383804.0695137871,425.2474375309563,4896.813843112786,1.0,24143797.99081265,49542077.353471965,16989303.042490564,49382263.663756914,evid0005,0
10,300,0.0700630623172105,25.86059004626064,80.17892890948447,-103.25182353178022,183.4307524412647,0.038471531882997304,0.3555374637954283,401265.0158240738,441.99900158114826,4506.662150673376,1.0,20528610.65547819,53239998.2476909,17848409.247483518,50005068.63828228,evid0005,0
11,330,-0.021725472869482634,25.185384506710587,68.88767426296067,-77.63994677530026,146.52762103826092,-0.18993573385425713,0.07464582098596173,380582.43884821737,432.21201060647854,4776.70272343785,1.0,23029149.225708082,50012906.58735461,17392335.420485336,46745071.24715421,evid0005,0
12,360,0.020600417993162406,26.692797927275667,83.4416588642642,-75.07071349313904,158.51237235740325,0.0053609049667011684,0.004855285876895543,427503.5313381562,461.2585377574717,4955.576778212825,1.0,24788177.27141453,56204604.478404194,19340847.255908128,53236893.21744037,evid0005,0
13,390,-0.017690998361742392,26.29351656669332,78.01211017035217,-65.28908046352814,143.3011906338803,0.018684513440569407,-0.21291555761242353,414809.59584863944,442.5778716696725,4987.890421703316,1.0,25138800.232898396,61004768.89030525,15947299.98238757,49277196.70503804,evid0005,0
14,420,-0.052782690055958766,35.13807448219639,398.0746286576682,-286.3258761605595,684.4005048182278,1.468869133619962,33.3666698861379,740812.2385972503,662.4586254015811,5007.785382355501,1.0,26910844.48587984,88470168.6617419,43699231.74779674,89396603.88636264,evid0005,0
15,450,-0.0736283515184459,26.179264295404423,86.13179228302647,-71.5335103153328,157.6653025983593,0.013814095089293921,-0.22831288412884465,411215.5801096705,463.85330196940566,5028.32255605506,1.0,25743852.89730191,58202701.479338,17980942.334030256,47879440.304473266,evid0005,0
16,480,0.17995366987998204,30.883806522303885,106.36259795280456,-90.30206609329899,196.66466404610355,0.14580068056547532,0.29624662380251454,572305.1331782419,512.4227683257151,5529.398247757282,1.0,31908705.85454929,98142898.94469285,19270754.43964384,53286858.81160455,evid0005,1
17,510,0.4452036302470186,101.73656754857335,377.6787831203468,-350.6161786119469,728.2949617322937,-0.049100269701428154,0.3067624125983426,6210316.429702688,1576.501785865533,13379.143901015905,2.6666666666666665,178613480.10436735,1336760300.6000195,295487977.8646967,170553359.28980583,evid0005,0
18,540,-0.508557872818533,136.74157468366548,402.6192807765503,-328.46097720850446,731.0802579850547,0.10329033022665522,-0.1365941705304503,11219110.126847079,1947.9127546486002,32581.244190583704,2.3333333333333335,175638189.8753053,2582705107.965732,506167891.53255385,169339030.92483488,evid0005,0
19,570,0.24337327559199062,127.33867670215396,419.1733149350486,-388.14774742127105,807.3210623563197,0.08409764681542839,0.08958283158092684,9729118.688884176,1900.9253536099861,20279.934164886185,2.3666666666666667,58389269.90354055,2145185236.3544786,571861091.159922,175384164.62498164,evid0005,0
20,600,-0.5118412573883039,115.49579593913407,536.4703241907399,-433.1495586517593,969.6198828424992,0.060187145534335844,1.0929141409638934,8003724.5166521175,1902.1849770460376,15924.494394063318,2.5,92566559.3213257,1689071845.0104408,427879219.0227678,249140452.6611516,evid0005,0
21,630,0.23151403651617963,88.28993176133795,269.2546355499604,-232.5738521118012,501.82848766176164,0.06716206967934937,-0.18518589586212997,4677099.38950249,1328.4094826366415,13577.288274453871,2.3666666666666667,63560005.91912095,1096680521.481607,197146525.0474693,93653259.73015398,evid0005,0
22,660,1.257350590071721,132.16988237155647,541.6910739498738,-573.2506315847862,1114.94170553466,-0.123936760377258,2.99101952091484,10482275.241970455,1855.9958444775348,17475.362178918367,0.9,1710259493.8114767,1256284001.1780376,167868969.16352063,87860403.72816572,evid0005,0
23,690,-0.6094593494809911,167.28402706965568,656.4624202760787,-483.2317781633899,1139.6941984394684,0.08859676312220559,0.1772308438664818,16790590.29200398,2167.8757417473153,29558.48571411798,0.8333333333333334,2550003245.4383984,2248741541.4701886,153093278.96794456,109253777.77532838,evid0005,0
24,720,-0.7411984678269301,131.0657813560612,345.4327125884008,-332.82594892461077,678.2586615130116,-0.00768464342784018,-0.517366272194983,10307273.05058613,1709.1096907848341,24523.453043380516,0.8666666666666667,1301365588.6234508,1677863265.1913662,71939751.69163746,81622965.6477589,evid0005,0
25,750,0.03756014639946329,112.60270956023017,306.26600720304515,-393.9815552581865,700.2475624612316,-0.2751409555592977,0.125923964939596,7607622.966642089,1523.4123834870643,19704.26190411047,0.8333333333333334,1182699098.6691706,1029591814.2349461,76603973.81269115,70865928.47067039,evid0005,0
26,780,-0.8762209340562879,114.61952290087592,280.5066068125651,-347.28618662561007,627.7927934381752,-0.09201938953988595,-0.239737062891606,7883041.67588982,1496.180128465049,20886.18797416037,0.8666666666666667,1408645887.1648836,1046237502.9683375,66313267.95630453,70270099.91069964,evid0005,0
27,810,1.2992723992306563,82.44686707848639,259.4040852721437,-221.37020363933397,480.77428891147764,0.004678721439103008,-0.05839177482435476,4079504.399895003,1251.8453630128615,10953.7721800904,1.1333333333333333,376739024.0890633,755046082.3226339,62503034.9156128,56230850.93136042,evid0005,0
28,840,0.12808826617019786,84.07010161892124,228.03915530311943,-275.7644002699708,503.8035555730902,-0.016217101072574756,-0.32690913848548764,4240679.035691805,1209.77308425896,12910.098206994306,0.8333333333333334,559361843.309746,713841451.3748648,45115711.279976234,62808532.187002234,evid0005,0
29,870,-0.5271864384515458,77.60300975959638,209.43364760651548,-238.12101980887883,447.5546674153943,-0.11474817326252028,-0.1223964627609071,3613503.029573338,1142.392725252606,12027.644682691836,0.8,423988512.20299894,589305596.4155651,36650634.15166688,51316893.52859854,evid0005,0
30,900,0.03984182568908494,74.5098647101802,202.65541180483342,-268.6018525373381,471.25726434217154,-0.12496142075548544,-0.07607563120050864,3331032.9159002583,1063.02244035522,13312.334855178293,0.8666666666666667,464893219.59377646,489266068.3655158,33013651.13125698,64028055.72459553,evid0005,0
31,930,-0.13006834132126202,59.4931772219755,205.0991962061643,-159.28301849235493,364.3822146985192,0.09032723133022982,-0.12115375290480124,2123673.0322432797,900.2104882101095,9502.021289270371,0.8666666666666667,302487403.4260724,264179900.75181517,31916858.259287897,51145169.89480931,evid0005,0
32,960,-0.014009517616366977,50.73515156890006,176.42277478616217,-150.72689192272975,327.1496667088919,0.06086840783894998,0.1033985552689427,1544433.4805915072,820.6314689609685,6129.985488563065,1.0,177285288.44059607,236460038.77169272,33602913.15604711,56405362.350653954,evid0005,0
33,990,0.1538069884988487,47.664857461780095,148.2862562758766,-155.9978702264749,304.2841265023515,-0.17237971405443375,0.15125645479820538,1363177.376064915,797.0483158108807,5745.111556474311,0.7666666666666666,110276463.17604679,232935317.13884708,26045473.44439671,56074167.42199926,evid0005,0
34,1020,0.06554592525061935,50.066225038489605,168.1545069856869,-171.72831435007868,339.8828213357656,0.1525780609051382,-0.0727393130121512,1503978.7115238002,760.5184200965122,8530.852760117665,1.0,184766749.73244995,270026820.5578037,27470575.597980533,42696259.2910365,evid0005,0
35,1050,-0.15982133153148842,43.441028098634995,143.4753810556583,-132.77965018209318,276.2550312377515,0.09320794676783925,-0.02801297577999584,1132289.0790746445,729.6593136157443,4539.597702822109,0.9,120025228.90738975,161648583.87797302,29407600.225020714,47955539.454618014,evid0005,0
36,1080,-0.10121716004462603,40.06388654449982,116.49574877627245,-116.79046490642712,233.28621368269955,0.03427766685508166,0.12919580478156778,963075.1499784249,644.6846137205424,6270.821597265061,0.8666666666666667,141357656.33369553,109496279.8225276,19438193.236473434,51863162.23546355,evid0005,0
37,1110,0.20836197849881966,39.272742625904584,111.56153017290026,-119.59428078620867,231.15581095910892,-0.03681907828703655,-0.038238917072713985,925435.0368447761,635.1924133566527,7310.36055903049,1.0,108184781.06247751,155312460.61224112,22754029.173030194,48855952.728460014,evid0005,0
38,1140,-0.0690498769315527,35.23797796915275,89.58097625191213,-117.01551510935343,206.59649136126558,-0.06309619008674797,-0.11950807692176113,745031.9155439993,602.5146413344786,5306.174691964304,1.0,70615630.96366233,107213464.47156891,19468331.513706733,54678144.01803211,evid0005,0
39,1170,0.1964183719716583,33.48502309733659,100.61274886600889,-93.41476072055565,194.02750958656452,-0.03399984690780758,-0.19500095397189776,672771.2112036076,580.4109314282282,5424.39252386731,1.0,52617070.98344618,116104306.1276896,13522685.014907643,50149466.09517094,evid0005,0
40,1200,-0.1965278439949982,33.7187889930175,82.21830387692225,-110.18956021174532,192.40786408866757,-0.09943150941147492,-0.18317640301650773,682197.212609462,576.4498312364493,5345.195707695254,1.0,56596931.19370398,108669585.26504199,16118028.085763391,52259701.20572576,evid0005,0
41,1230,0.047358695728501154,35.76952384051829,116.36225345440053,-93.17483145247397,209.5370849068745,-0.08648314652709048,-0.4058840237616228,767676.6471740804,559.2257728386204,9130.107073551137,1.0,103756768.77482945,138836564.13969117,18097555.845312618,54685202.71640035,evid0005,0
42,1260,0.08069468859981223,28.254983892029763,90.293004303653,-95.74895406835677,186.0419583720098,0.10504607896456475,0.18766261077368807,479010.3758229778,532.6756073842935,2649.1875182530976,1.0,15194224.135667741,65356577.746822394,16463177.726629306,54605379.39464472,evid0005,0
43,1290,-0.09330796091993437,29.633433895125222,95.31013469582115,-100.00345719083212,195.31359188665328,0.009617200699192554,-0.02052581431393463,526889.4664753964,538.6620355585129,4741.0292589558085,1.0,36221379.22699131,71389334.48564275,18428427.652186614,54778714.46344577,evid0005,0
44,1320,0.07073893742507745,29.523749359628166,74.47545061963342,-93.65890747965042,168.13435809928384,-0.048786087860632925,-0.22742975210201877,522994.0681484475,509.2862141908383,5732.108885906612,1.0,43404946.97978374,84708727.52920818,16275571.809343332,46962331.0741045,evid0005,0
45,1350,-0.04870381180083082,29.41517563556468,77.40693801275843,-118.2051585064512,195.61209651920962,-0.20316107981232825,0.11023174991441609,519152.95783944114,524.2771318907396,5350.560661510955,1.0,42434007.947000675,73986339.32687698,16878950.690165333,52077708.41505128,evid0005,0
46,1380,-0.029283754717433795,31.144905958043708,92.24337390376331,-96.95211486071946,189.19548876448277,-0.04065529168600734,0.02948871870687464,582003.6148042061,539.0166529183546,5903.446216555609,1.0,45438155.0425225,97572092.38127407,20339418.019952506,47984955.798270814,evid0005,0
47,1410,-0.028498651980974544,25.60213391526722,82.08391729288921,-74.12594313749175,156.20986043038096,0.043048198728423616,-0.06984608424024241,393282.04391306447,473.71016498105587,3998.30860529055,1.0,25043390.320341468,46106993.446305566,18901114.477467,45361340.45076565,evid0005,0
48,1440,0.12109090283827202,28.97349893363632,133.35898049437992,-93.17634617604918,226.5353266704291,0.14947873038575857,0.5189054902214845,503686.98207850516,530.6075250691005,5436.1672770518,1.0,37248752.37968798,74904991.07713518,24264577.614984185,46542371.20490522,evid0005,0
49,1470,-0.015653095574300172,29.158204861540852,79.95063905082338,-98.92567688411734,178.87631593494072,-0.015135823283060713,-0.09377430804802112,510120.6934601915,519.0703937478928,5498.940034811256,1.0,36997455.98496063,76562329.47195747,17464033.594087977,53295982.31467368,evid0005,0
50,1500,0.03113196837373593,26.569019242567958,114.17252024367949,-74.85856733497445,189.03108757865394,0.07732395509039622,0.2709835370570053,423548.2516268408,466.59715219114037,4933.4915889524755,1.0,28780595.800919294,56129935.736893654,18981890.677524015,48232303.78603117,evid0005,0
51,1530,-0.006580276085422317,26.59314701794069,78.49016568747992,-85.76838263312032,164.25854832060026,-0.10470838719117208,0.016728105055189513,424317.3069707047,484.9157543319373,4375.760381104295,1.0,21845610.02547498,58428329.57452235,15472042.597271139,51515475.012559555,evid0005,0
52,1560,-0.006580494093222065,27.133726330867344,81.04119109632492,-79.38730742518732,160.42849852151224,0.11496273708422326,-0.18631328176845408,441743.48874078377,480.4872760699928,4976.533145153743,1.0,29935467.477398112,53407298.71025765,20493857.644864913,54627625.05713964,evid0005,0
53,1590,-0.014220231508942973,25.999038974562932,90.68917084553092,-73.42638455074382,164.11555539627474,0.10803253285915339,-0.2391175542321089,405570.1378894958,469.30057808774234,4906.715907044172,1.0,27691197.789093234,51071972.51592866,16364140.718738576,51706728.601599656,evid0005,0
54,1620,-0.0364949516453661,27.137253764862162,79.28825286841538,-77.32514498899646,156.61339785741183,-0.039384347278421786,-0.14880118738605486,441859.1242680128,483.50763826644953,4448.829158185404,1.0,23177309.347853884,51346110.74094163,23762862.5376868,55742380.61635293,evid0005,0
55,1650,0.04452475604780787,25.537385851406388,91.88552138827959,-62.49239609012002,154.3779174783996,0.16332419579612464,-0.06471620820070312,391296.0351465074,440.5053409213872,5008.506898349994,1.0,26573534.750704896,47274994.550430715,16817311.562612657,52062360.47422656,evid0005,0
56,1680,-0.02009811242941185,26.67779297364059,77.89284347955447,-96.25810801834356,174.15095149789803,-0.08419492384793675,0.0662843194944065,427023.0251271302,467.30279409741667,4597.768471174523,1.0,23711730.001887526,50292483.436488636,20420284.063851,56461967.36250973,evid0005,0
57,1710,-0.06348156000928573,25.588676470332125,76.08634719339511,-72.87430383958197,148.96065103297707,-0.003044953989682312,-0.16987754084073137,392870.636047074,456.82433731699894,4118.489238712839,1.0,19381941.206117116,55508105.918578595,18774816.4060976,42519860.26200593,evid0005,0
58,1740,0.05844907340789637,25.452997257353513,83.97064803714068,-63.615297147867075,147.58594518500774,0.27593841721390144,0.02030769428827872,388715.0914062165,457.7528474602206,4824.0335406933145,1.0,24516076.50726279,43501968.54029233,19930526.987574525,52478542.12745792,evid0005,0
59,1770,-0.010242786379011548,26.888860472429695,96.12501932966535,-87.61436819177653,183.73938752144187,-0.0178531301849237,0.042220961681073366,433806.5534522789,483.0720943910922,4645.366976028734,1.0,23474589.92952018,50076158.83713623,22162578.59417726,56417435.161955364,evid0005,0
60,1800,-0.07967820360831607,27.741320742337994,115.52259801063592,-79.7090305289943,195.2316285396302,0.027334661419266475,-0.02214698864051723,461752.33508724155,493.918063004249,5165.356865943626,1.0,27940575.5771109,60140822.1199755,25502728.977669258,54013366.05915934,evid0005,0
61,1830,0.03797184681509116,29.561600133642813,82.08344414795899,-88.28783628644436,170.37128043440333,-0.11302267181963974,-0.2116368035082412,524333.7865935247,518.2229084062269,5093.236594471399,1.0,27518205.184695654,64714594.039482005,28387250.38452638,63409654.87048762,evid0005,0
62,1860,0.04168557834510269,26.879040574466895,76.35849268893332,-71.21660558411011,147.57509827304344,-0.01534523472450154,-0.16908279499814505,433490.7359347678,468.97149186545676,4481.314818308033,1.0,20926931.50741491,52131620.97502721,17719012.812448915,60930997.27379563,evid0005,0
63,1890,-0.004330978642144269,28.441176474732284,94.33101420394313,-79.69653393455239,174.02754813849552,0.04905223187506771,0.00655630648274208,485340.3228145446,500.7719846756735,4451.9483101735605,1.0,21682806.97006709,50974475.63800762,30666196.425403982,63360185.86470635,evid0005,0
64,1920,0.03723866424483035,29.96145441821135,123.15928895254008,-79.30406079836179,202.46334975090187,0.21626409300494331,0.044821221430911606,538614.0825436027,519.8208560429924,4976.255605521256,1.0,25499752.60660798,73873457.27212486,36951119.36923047,50642932.688907854,evid0005,0
65,1950,-0.11130013431402713,27.92583943910383,86.10390021321936,-98.70516922490188,184.80906943812124,0.0484116942981598,-0.052271562513769076,467918.9376591032,497.65308418894716,4603.850872143973,1.0,22571444.044298507,56660095.42600996,32730449.131049085,50321543.697250135,evid0005,0
66,1980,0.0009999104396726465,30.91262308250278,96.51185962817559,-86.50883245855269,183.02069208672827,0.09468239012211582,0.09520269421427541,573354.1601044226,546.0281860300751,4991.9183772193055,1.0,25863728.304803032,67713308.07213387,41414629.00683202,62588994.94794755,evid0005,0
67,2010,0.05733875221500862,29.21929421104996,90.6686167336614,-90.00700759848935,180.67562433215073,0.19467492924298585,0.09226067445270836,512262.2651546418,511.0632189689117,5155.226515516645,1.0,27411616.44461785,64761172.13020165,37741551.97734176,52301719.48493421,evid0005,0
68,2040,0.0714006261991527,29.903305704042157,131.04982326523836,-102.85484654288626,233.90466980812462,0.08007963817106692,0.45031553025174587,536527.6740472933,499.65329382007474,4965.808167977228,1.0,25514762.15130809,64365576.78275392,38119416.94125846,57825780.903790906,evid0005,0
69,2070,-0.07100120248816691,29.278991078017658,78.59263547446868,-94.49547096684685,173.08810644131552,-0.10321103558419921,-0.1787430978107687,514358.61583043553,509.28694342897023,4807.596763850408,1.0,24230671.209117472,43888910.54294664,53137199.222082704,57294859.909231976,evid0005,0
70,2100,-0.028762613494026253,29.021682135547454,84.5541246307366,-96.53050070760727,181.08462533834387,-0.05347458054993586,-0.023235083219742325,505355.3167588134,490.13982579961225,4972.305831778286,1.0,25330631.013043888,54791643.946658045,49368792.76404996,47937759.27956076,evid0005,0
71,2130,0.10792985529821426,29.078239427761478,84.00020740994498,-103.89598678756353,187.89619419750852,-0.1976048857752277,0.11469905414377912,507333.3942431321,509.9186421999009,4210.6914712955195,1.0,19019026.818296503,54820937.207570754,49480074.29835287,47060491.689410806,evid0005,0
72,2160,0.01778114915187988,27.76037982860755,82.80993975312296,-85.8428537081053,168.65279346122827,0.01860211434790151,-0.058196499841685956,462383.40263869567,500.2226307479552,4314.651278128045,1.0,18907938.13234418,51431002.14288532,37176127.295052186,50906783.42204996,evid0005,0
73,2190,-0.05034666955418089,28.900316003860166,99.99455714883347,-90.3258104141929,190.32036756302637,0.03464572065415474,0.1851473179802383,501138.47994606674,506.3849494616328,5127.084724476367,1.0,26743157.131933678,59969204.81309437,34893674.6917821,55312827.50235111,evid0005,0
74,2220,-0.02437247034413801,28.83322931993738,90.66747554907997,-85.76156987727235,176.42904542635233,0.16743550515246342,0.06172089731273278,498813.4242200444,506.7513774760522,4876.511174823627,1.0,24632404.927341387,57879569.24645757,35367677.59522129,56888781.61968918,evid0005,0
75,2250,-0.05559841414676138,30.763363711091124,94.49880681194456,-86.39841642417352,180.89722323611807,0.025686163482986475,-0.26228028825708627,567832.5828027204,507.88279085991803,5635.206428877324,4.066666666666666,24658631.52307262,56769252.81088869,65005233.75466694,48949827.42415957,evid0005,0
76,2280,-0.020299393714705072,31.020654323804216,106.88038458922341,-90.93398431985355,197.81436890907696,0.07933166079666122,-0.02866027914353353,577368.8440454031,539.5876537616258,4762.475745662069,1.0,23061907.106643554,56001070.86924403,48697715.33375013,68742697.750992,evid0005,0
77,2310,0.05926599777116853,30.209149096972315,95.97012446174456,-92.15712484260098,188.12724930434553,0.07596885967084833,0.1252260347148808,547557.7209729571,530.2208399808737,4612.766797795594,1.0,21887277.856258675,68344377.65425718,39472000.38817815,56863887.310328305,evid0005,0
78,2340,0.02216833157528827,30.827888347530475,101.63462530915484,-91.3135923757896,192.94821768494444,-0.0840632231987575,0.2814346430887724,570215.514841638,526.9059221781976,5150.132936417892,1.0,26868794.59782147,60119246.714396685,47214695.08340473,63908932.27112634,evid0005,0
79,2370,0.10785568376965275,29.716642914255733,111.31134009743963,-84.39687423452779,195.7082143319674,0.10399631227185946,-0.20851953739442974,529854.2993651442,533.6424132173615,4734.657829118442,1.0,23600448.956703637,61712910.966445565,36241265.92795918,60975692.64581622,evid0005,0
80,2400,-0.06917964622031093,29.0913315607532,80.0369796950548,-81.23699177084472,161.27397146589954,-0.037655156829346656,-0.1368842580980818,507786.2146806758,504.53417259200916,5126.205103426124,1.0,27018568.884233505,59514325.50725022,40194472.98125357,52675985.14201224,evid0005,0
81,2430,-0.12103217666792046,30.868699587148132,96.12605870611698,-148.55106119290963,244.6771198990266,-0.1293004295922401,0.5351791460781579,571734.7577936328,534.3331092373226,4770.666803498842,1.0,23177584.20261382,63532585.55174394,50818597.33713304,56873920.61354521,evid0005,0
82,2460,0.08696299565767814,33.49222381150554,85.51949760514336,-123.34708670709003,208.86658431223339,-0.22386131616481245,0.068137578775604,673041.9710415555,570.2423649164575,4713.685921772465,1.0,23128410.21265839,57811477.86751304,79231756.25793044,65501269.11723246,evid0005,0
83,2490,-0.04376728386771229,31.853177660607816,111.59661330727974,-96.4499289128041,208.04654222008384,-0.012056913325136307,-0.16806122240598853,608776.1055920292,556.238465792139,4560.901814820669,1.0,21590998.691080067,72075653.05555664,58908290.57023858,51866653.17739318,evid0005,0
84,2520,0.04585603551726305,35.3930501938886,95.45052296847723,-110.28904920759584,205.73957217607307,-0.0845219323125841,-0.12171718630633066,751602.0628818667,573.0871570348995,5263.430031749153,4.066666666666666,20899458.179681156,59526657.16393041,104713640.13400048,62626873.66148938,evid0005,0
85,2550,0.07017307050480637,32.5018935980598,92.24068161670615,-101.60073495333305,193.8414165700392,-0.05047821269055072,-0.2115504752767121,633826.807031655,577.1258965742973,4328.298457408308,1.0,19624683.1456555,60397251.48753533,60243833.82027574,69814466.25041264,evid0005,0
86,2580,-0.06949632541764512,35.15058055973899,99.48393624201503,-128.31923280294487,227.8031690449599,-0.22160219762073305,-0.09015909564255598,741340.8860555685,596.147195575606,5429.697554910054,1.0,30015202.774316095,69129704.17514451,79331321.14722095,75353452.40080707,evid0005,0
87,2610,-0.10377447012320803,34.0687284948978,106.82393067896133,-100.6772529890787,207.50118366804003,0.08852791277875872,-0.08102416069900009,696413.4182398263,584.6674955463989,4977.759080655507,1.0,25392335.845347058,61208553.43502706,68234340.10906887,79500970.92092639,evid0005,0
88,2640,0.09083016639724818,51.76131317606571,547.3787093489136,-535.8678915552769,1083.2466009041905,1.098587288171556,49.69847015463544,1607545.0750979292,1007.1556445463198,4715.861567099957,4.033333333333333,23204115.98623898,113878867.58628823,173430582.7543693,197077070.5104468,evid0005,0
89,2670,0.009902924668671886,38.29595231410073,189.00028347091938,-228.81452453697258,417.814808007892,-0.16726266271576,3.215431194423723,879948.0370270764,711.36209500549,4509.233903843465,1.0,21732768.754755057,77079631.01659241,89373823.5087856,98091374.54332215,evid0005,0
90,2700,-0.002329374555425024,30.474583993633946,106.01899498106465,-100.6308870350897,206.64988201615435,0.08245421733837237,0.05124440297256916,557220.1650066215,525.3819777268219,4975.761707335197,1.0,25112350.00171606,56268576.65442668,43905544.26770626,67295336.80245048,evid0005,0
91,2730,0.006374998447391107,39.602576215273515,245.93223476012554,-190.56508028268172,436.49731504280726,0.2257009910052426,2.9964783310034804,941018.4501162914,723.2037843477993,4868.381158365214,1.0,24488661.70518488,71374644.8843174,110935272.6275318,100584012.90436828,evid0005,0
92,2760,-0.10474634595954134,36.125985767957545,153.53953851909398,-111.21791779340138,264.7574563124954,0.2084238723510042,0.30305795274454006,783058.691702198,643.129681627718,5021.620658399613,1.0,26403419.65552087,71321396.03192303,79804504.03206885,83847440.82863584,evid0005,0
93,2790,0.03960554910959447,36.442462989955,123.04430116392967,-113.28674695185163,236.3310481157813,0.09297887695767039,0.00011026235532884954,796832.8064242558,602.7819013037787,4956.264371412073,1.0,25189181.717510223,63279299.47095327,94700325.4577739,81718502.4568716,evid0005,0
94,2820,0.0430154235667825,36.632212100799805,112.3703823690141,-115.5634861549637,227.9338685239778,0.020027773665081385,0.01849796232896095,805152.4882347891,625.4345975612779,5349.493368022165,1.0,28997382.255010888,81588172.65312348,78927393.08210039,81145129.4937526,evid0005,0
95,2850,-0.03754779818646736,36.11249908844932,149.40492500695012,-95.7015611294121,245.1064861363622,0.21296590666466225,0.2755317546666105,782468.400150241,639.9537144936613,4828.091836170649,1.0,24081189.72615778,71339504.42080504,80217500.79737155,83256121.97801003,evid0005,0
96,2880,-0.026943358613757813,40.613840620914246,111.09444405265837,-109.55206284729164,220.64650689995,-0.11528792896197759,-0.29849669599681805,989690.8655553584,668.1834529486842,6363.019882764777,4.033333333333333,28441227.188243337,89802567.98798767,137552689.59774476,70245032.77413353,evid0005,0
97,2910,-0.0015948019431756204,108.68154796317724,1285.5307130897227,-1514.183037959544,2799.7137510492666,0.12029874494816267,114.70885842220879,7087007.322129475,2262.712775557418,6530.773320565446,4.066666666666666,40414402.04041495,504687271.96754,569575686.1439246,1051799774.9797643,evid0005,0
98,2940,0.07984931073365771,36.29479889362074,103.79413725992535,-120.45941736612338,224.25355462604873,-0.07943015666501761,0.03707262125182709,790391.2815844787,618.4105613027683,5104.320165594722,1.0,27112007.96805616,64769572.18445778,95901059.57124348,75748453.71181695,evid0005,0
99,2970,-0.039251700156490085,40.98296540541677,124.26592699386492,-155.07483861222184,279.34076560608673,-0.19193569451372453,0.156711500805498,1007762.9964705319,709.570234542611,5498.020010914454,4.066666666666666,28200083.930992957,78914302.6567698,131148734.05627346,95552978.91117768,evid0005,0
100,3000,0.04909211082106547,37.94801902862797,136.96122811449044,-115.61788884055666,252.57911695504708,0.018228752162931516,0.4285082352129397,864032.7349394732,698.1419700273882,5082.187394153573,1.0,26408504.96015183,97433766.75439066,69953939.88616595,93336515.8072473,evid0005,0
101,3030,0.06280699930902832,37.14951841127913,114.63602684186517,-126.7791903535583,241.41521719542348,-0.09613673009152444,0.027140101919854054,828054.3977454777,660.3768759138815,4769.989180028903,1.0,23529786.77720839,88856650.49876386,72300053.45180725,87248714.84294517,evid0005,0
102,3060,-0.06061841160469693,40.31559481155057,119.05587966953914,-130.3313716986979,249.38725136823703,-0.04918633405013105,0.21246390922659675,975210.5157605691,713.8014627383127,4830.633469471913,1.0,24337184.0306952,84811599.51937748,114557748.51553717,93327667.54795334,evid0005,0
103,3090,-0.07776590794749857,48.87052336303284,149.9604081135335,-149.22534610903296,299.18575422256646,-0.023890709506862225,-0.14191205576049004,1433000.4607879065,750.262649637484,10214.235648360378,4.066666666666666,28176586.10885122,97806905.04859447,246907537.9431322,85033274.43147525,evid0005,0
104,3120,0.05856100623424484,38.37977745491822,130.39347407596452,-109.61964401655615,240.01311809252067,0.15561911186157268,-0.1563910909554984,883806.4481282999,656.9383514348191,5332.5642259772585,1.0,28945556.832247294,87610919.69364946,98442912.20937309,80471501.25214566,evid0005,0
105,3150,0.03634451852054826,36.73996945345464,113.68754147673484,-98.46880612769097,212.1563476044258,0.044383413283913375,-0.45537873574360344,809896.0058188841,621.0944762603337,7118.031851863611,4.066666666666666,21046842.723759927,65468707.87385912,95882565.49268158,82098717.44849655,evid0005,0
106,3180,0.011656887661144021,44.02492827669117,117.1811552401434,-155.2968471063237,272.47800234646706,-0.11643096968201141,-0.2771877894835031,1162916.667390499,698.3851785524298,8529.564555384644,4.066666666666666,22920074.432863135,85206760.6760455,187398322.51257607,77081529.47256659,evid0005,0
107,3210,0.0208045804978682,40.54744963139633,143.23973317481352,-101.49609249179437,244.7358256666079,0.16960017428313534,0.05142270692863882,986457.6626647154,660.8743495347916,6366.580645053653,4.066666666666666,25097032.385680128,83527190.3772315,142912017.42263612,71435455.54828975,evid0005,0
108,3240,-0.04282072476633014,45.58661719846984,115.65613564526478,-135.17868968204309,250.83482532730787,-0.13586695638982502,-0.2882049073036952,1246884.9007285773,749.4347689176631,6952.23139225532,4.066666666666666,24919400.354867265,83180968.03004152,199327344.55288035,94678174.40108158,evid0005,0
109,3270,0.012725718213331223,42.69215993183973,120.7510982245975,-124.67886985587424,245.42996808047172,0.04468228884217554,0.056266869315336976,1093572.4089538115,740.5468396507039,4640.085136855851,4.066666666666666,21493373.122988604,90929997.39298779,133444831.95997477,102893589.31436908,evid0005,0
110,3300,-0.07848090510937178,40.37976080366473,136.2256173614736,-107.29157213133458,243.5171894928082,0.06040068128703409,-0.23201948049982546,978318.7450881873,696.9739279467051,4551.503136756086,1.0,21204466.016682286,87466162.68611655,118422831.25944763,87669278.65639651,evid0005,0
111,3330,0.2054081273872468,43.17875842521722,125.87903725079735,-106.47795952620856,232.35699677700592,-0.013725188243800162,-0.12253573053012712,1118668.422985238,703.5263435081356,6122.557382672761,4.066666666666666,24746412.642233796,76960900.36909178,154543451.5714019,104510644.86278573,evid0005,0
112,3360,-0.16754651709667012,41.045864624474746,105.73710448051318,-129.19869312816468,234.93579760867786,-0.19429951471504445,0.06529976200781684,1010874.6447636595,701.4394941019154,4493.757369116761,1.0,21587261.380454637,86094046.43036987,129036140.4326024,87379108.05775994,evid0005,0
113,3390,0.08342474162709687,44.55343355751378,153.1057466293127,-163.8085035133468,316.9142501426595,0.0673968747263946,0.22186301920134932,1191009.2408707864,747.586308252495,6608.650684127081,4.0,20568873.65378423,86191684.8352562,176574259.626557,95189419.26298308,evid0005,0
114,3420,-0.043508358386911826,37.66329567293792,106.4732996386831,-116.60476505980785,223.07806469849095,0.04754489067952039,-0.10462562943756781,851115.4403546362,683.0838345796368,4631.542047283392,6.566666666666666,18820999.274860177,75850664.5476316,76500528.96269105,103828685.28423531,evid0005,0
115,3450,-0.14487772236364047,40.00219178798854,121.4091272410162,-131.67362315142162,253.08275039243782,0.06785750992953235,-0.0915312131935031,960117.8024384726,690.3332462505824,5201.287927625955,4.033333333333333,26351379.88572512,85786220.77641466,109339876.07574877,94030393.61169606,evid0005,0
116,3480,0.09257075241618513,41.449228793327556,129.22186809847537,-122.81250929810211,252.0343773965775,-0.03563121451457176,0.15620486208666495,1030828.2821434904,723.014391201526,5849.240464925126,4.066666666666666,20202363.90466145,80868590.67005801,114456593.03195032,113811913.76968387,evid0005,0
117,3510,-0.06078715811551466,51.37384308211595,184.2016614564298,-171.9163025081167,356.1179639645465,0.15740828178349392,0.2605746780376328,1583565.2688626787,843.5458533763186,10043.443297121423,4.066666666666666,35326025.650851876,118379321.21832073,239799919.43534154,116791283.40141325,evid0005,0
118,3540,0.045026924096134166,51.703149166720166,167.3864728043248,-164.40578374387553,331.7922565482003,-0.05631003633617243,-0.10157846709355445,1603930.5967080055,845.3531413961538,8025.940913664775,4.0,27274583.78415413,110994010.22516231,248723979.16215274,122669543.05912058,evid0005,0
119,3570,0.0010099023516788404,24.835246513523998,95.02907936711102,-80.97312446221835,176.00220382932937,0.18879586410155894,1.8382483754494032,370073.6822444452,410.16459384965435,4542.029617788137,4.033333333333333,4871573.187422531,20759404.015741624,61731483.06769414,28428380.425065912,evid0005,0
120,0,0.11801739173548997,24.932459374596387,136.6885847676735,-131.52188268247818,268.21046745015167,0.4230429482550622,5.180320193701581,372984.87514239084,425.5125565546407,3511.8651160030704,3.933333333333333,3898999.182414529,14136878.085707024,56433642.34156307,41607143.866166435,evid0006,0
121,30,-0.08099968062474848,60.58015900986738,197.6294632083195,-184.96250831909666,382.59197152741615,0.04632879764389362,0.20517700202529898,2201977.335965446,962.4055323469746,9329.988864058347,3.966666666666667,21120920.66283088,71567904.06815794,328490818.0661629,260750167.27545935,evid0006,0
122,60,-0.054321956180819246,40.6380069895112,143.30880923112662,-186.2033887708734,329.512198002,-0.10140828307894686,1.0119595501924454,990870.3377726906,695.8812778077029,6004.292973966624,6.266666666666667,24121701.206253797,52143971.30428097,103545306.60161614,142890964.87602928,evid0006,0
123,90,-0.021769747010012826,44.01389552469964,156.101319450654,-179.16232550578167,335.26364495643566,-0.09147752223703301,0.7088978189437656,1162334.0839086364,752.4367152769717,6050.726460858783,6.3,25244259.839288518,68844403.04181959,98392840.45460449,182190288.16929886,evid0006,0
124,120,-0.012530990873885865,44.16868576363371,143.32753878092905,-144.37593968750136,287.7034784684304,-0.02484890239287245,0.3454345765747493,1170523.7754674111,786.876660871528,4970.500981160961,3.966666666666667,23426327.83640723,82225306.89035,139626870.59108937,129770056.48389283,evid0006,0
125,150,0.060556811815585074,33.58828377680105,131.9384062546099,-146.04246050153455,277.98086675614445,-0.057425928225463836,0.6664636409906555,676905.8845190243,603.8279693309318,4444.7663711138775,1.0,20217272.420712322,49037995.045127325,56390680.774233125,99058572.29478168,evid0006,0
126,180,-0.20358072874472719,44.482821612771396,174.89494025163,-153.09234353352394,327.987283785154,0.055438513216243455,0.9353677298564245,1187257.7182480546,784.0324105164791,5862.899051961694,3.8333333333333335,26553370.84908822,72526670.52686122,162650742.62851512,121632009.52979186,evid0006,0
127,210,0.14160631557787484,63.79796265178944,200.10733252003516,-219.7639470679336,419.87127958796873,-0.03969448974656595,0.26325662181662324,2442120.0545206387,1027.8881237879361,10539.56566373372,3.8333333333333335,19886557.761026304,98469086.05269511,340014369.7548089,297024905.20483565,evid0006,0
128,240,0.1698244795751721,70.59580791687962,250.9243200611073,-230.54560413435593,481.46992419546325,-0.03136096012371142,0.7705678045863715,2990278.161474496,1176.9755158618718,9476.518501116921,3.8666666666666667,27553360.463613242,147739795.1611908,454178551.54275715,295817253.38860226,evid0006,0
129,270,-0.14286033776919047,220.1361838498272,708.133401924899,-769.6237195012634,1477.7571214261625,-0.052112392642399315,0.38154695440614717,29075975.909424625,3019.9314268293647,56499.33287480431,3.8333333333333335,27765865.699546084,508084846.6524263,5795368129.594229,2454383716.3843513,evid0006,0
130,300,0.0944261899257019,101.47821213654515,308.97862526403753,-347.6008316492555,656.579456913293,0.08664404090279829,0.6922677369127204,6178701.872841002,1546.2196464658925,16781.32959346866,3.8333333333333335,30435173.200288225,194658445.31806228,1175523139.1408515,482561336.9806161,evid0006,0
131,330,-0.1989231116263861,99.91004071155616,347.5474541655607,-454.5964613645455,802.1439155301061,-0.0860819814303108,0.8335031737804584,5989233.483233491,1656.1926156075924,13498.944484191736,3.8666666666666667,37551819.45202328,268976608.3801497,993432985.4634244,549594846.5395364,evid0006,0
132,360,0.10208607225666023,120.29986923054504,330.3098771206274,-334.3566717258031,664.6665488464305,-0.0029237207835261423,-0.24071448461454015,8683241.37507143,1672.5203483505672,30340.28548884297,3.8333333333333335,31251075.09952839,284321694.1883034,1632068877.668681,692686529.4324702,evid0006,0
133,390,-0.4085972187427252,156.65034000971673,591.2580261856881,-703.6793261247628,1294.937352310451,0.005712607878456361,1.5852632776862432,14723697.586108211,2601.030059260454,23587.64729632958,3.966666666666667,44394856.72008468,563632558.4445796,2807266551.471545,1097430648.3731685,evid0006,0
134,420,0.3853421437308175,150.93390269064733,479.82393116213063,-470.7044509637573,950.5283821258879,0.07589091004116946,0.44952364375853815,13668714.881998522,2426.671068112591,22451.323709653883,3.8333333333333335,13166485.933691183,520466414.5382172,2109626779.1873972,1472675801.310918,evid0006,0
135,450,0.1272514822052591,97.56184595134988,294.87859412683554,-298.20328826314244,593.081882389978,0.040606156909793946,-0.07837891310224476,5710997.987024788,1586.152920477315,12445.813797312807,3.8333333333333335,26304939.766185235,257418919.565598,853559328.3889804,625104101.5743021,evid0006,0
136,480,-0.08167245847016588,60.315169380042704,226.52886404005034,-214.47872675647463,441.00759079652494,-0.04776392602908959,1.020945504880431,2182755.796640228,1030.5334188212294,6754.730930941834,3.9,21107911.304084107,115908643.27470444,267802272.8719267,271165398.2830361,evid0006,0
137,510,-0.06214882713247815,41.44924088051826,142.92755075531346,-125.47160493866348,268.3991556939769,0.0580456565201878,0.1285718426730864,1030826.0592287639,761.939024468597,4795.804381856942,1.0,24017454.064682245,69554036.1522202,80964418.27786304,159568830.19862872,evid0006,0
138,540,0.09117070340982414,74.04249426844169,219.69564345393783,-271.860485788157,491.5561292420948,-0.1771882616050567,0.0834663589784923,3289379.561753629,1259.1993871193538,9484.849828649069,3.8333333333333335,31271982.03468176,152390236.2068344,390999707.3550165,447648879.420766,evid0006,0
139,570,0.5381221967061425,229.51222549358235,1160.9882632812883,-1171.8607100716636,2332.848973352952,-0.056569448155176914,6.5097848326591805,31605690.735909346,3612.051270512855,33929.122159030594,6.3,43753167.10019413,824857692.1087346,3510899220.0565243,5156462830.324363,evid0006,0
140,600,-1.1238204865096415,362.032015966658,1188.8200134139433,-1052.931303543696,2241.7513169576396,-0.07298813215458236,-0.03781623733465711,78641066.13442105,5687.408546718956,48061.93754788213,6.3,86384049.43329404,1491270048.629222,9871016876.610607,12366709637.75935,evid0006,0
141,630,0.8231289883126105,331.83114960964446,1509.7720810911128,-1149.3943593747867,2659.1664404658995,0.12458960791907157,0.8328412255278081,66067553.635553785,4486.544657667553,63650.61915746353,3.933333333333333,59543224.26204284,1354612524.804091,14396690513.753862,4114374940.363591,evid0006,0
142,660,-0.2168715024975474,216.45181407042716,732.1960520700296,-602.8882502953713,1335.084302365401,0.13460840102770974,0.006603862266724825,28110860.908576414,3099.5953828464603,46155.270009955944,3.966666666666667,18089842.06500301,611149904.1108748,5324182979.886732,2507032935.733477,evid0006,0
143,690,-0.0060389588928640115,228.01717434139266,786.0617022068914,-947.0466464970477,1733.108348703939,-0.04492536345878889,0.9603162743598288,31195099.098661248,2830.5038389508522,57699.00722082845,3.966666666666667,27887789.25942394,553843900.1103826,6663276841.457401,2155433057.580884,evid0006,0
144,720,0.2181896247253539,167.65842467194247,515.0436161324358,-434.2807498873273,949.3243660197631,0.10915594357970043,0.007073459332846976,16865636.982113846,2893.8694663016067,22840.438241431355,6.3,27084373.07344809,797340862.1538529,2223920618.836536,2071451080.8821561,evid0006,0
145,750,-0.3922284223098579,183.43295071138218,560.4982093961053,-593.8350123855873,1154.3332217816926,0.00739248270709501,0.2624081063445187,20188680.74989178,2627.364092031508,33173.77162099985,3.966666666666667,46620730.255181834,414687679.7422088,4168235834.7270384,1483062567.0307796,evid0006,0
146,780,0.22136030289792544,117.7814988602779,357.1034751662352,-376.5937089146146,733.6971840808499,0.07085699372008258,0.3393917668303361,8323518.284494407,1705.6677128936517,23322.02980051845,3.8333333333333335,19148001.410743855,179090345.7122191,1633776654.2126286,687801565.7037005,evid0006,0
147,810,-0.25716866940894273,64.37656820857254,196.6581832439022,-190.25446563939477,386.9126488832969,0.11097861247362334,-0.1983432861227694,2486645.202022511,1035.6229570127034,9963.635271056935,4.0,21219650.47490193,117279048.07715517,409588189.809939,218862929.87626863,evid0006,0
148,840,0.00029163173523935864,65.33691823096305,185.13994117250255,-195.31131365094134,380.4512548234439,0.003789297400136315,-0.14614838130891572,2561347.73040276,1044.743648013057,12420.007605927973,6.3,37793997.82101681,118537855.54199632,270214975.2532603,379234138.6333588,evid0006,0
149,870,0.3757442092602484,95.91026834000446,279.244600087669,-278.7112074772515,557.9558075649205,0.04480934554430453,-0.23509301952227357,5519352.454057472,1330.9704062114768,20965.412820159294,3.966666666666667,31026967.882313717,133699257.70703363,1017225920.8969299,502977135.31520534,evid0006,0
150,900,0.1373098081841274,189.75060979125084,580.4213411923024,-978.7457640688128,1559.1671052611152,-0.16665819261582027,1.4424169662111082,21603187.662080977,3061.557592430545,21616.576403961964,3.8333333333333335,58428057.976217404,736008666.7705201,3191209589.3802385,2568004591.40785,evid0006,0
151,930,-0.21837681580584606,182.34573986243862,542.5022436774411,-757.3706056218589,1299.8728492993,-0.09818192274331637,0.25185237856146525,19950009.92064829,2714.819490578837,35755.115889469045,6.3,21630992.986401767,697392146.738179,2609847805.7400594,2697309122.1073112,evid0006,0
152,960,-0.510239030996702,249.1766224514533,1024.6885008666516,-773.8559167660444,1798.544417632696,0.04154031278692539,0.5321966176452491,37253549.71210972,4001.1931365537853,32624.416283581002,3.8333333333333335,40636633.20887036,919353096.6719987,6399781571.197713,3864840678.3942957,evid0006,0
153,990,0.0939770326424294,246.19185217293742,696.2731032043616,-883.3708593030904,1579.643962507452,-0.028610106757509336,0.2285263685725254,36366262.14481448,3516.235768475685,45499.503294994174,3.966666666666667,32927118.240761325,845283053.8084105,5270966803.663215,4806041863.9124775,evid0006,0
154,1020,-0.2786553846757657,199.4838298745418,669.2097344347574,-629.6272642791623,1298.8369987139197,0.12262289587964313,-0.21880678669404396,23876325.61814313,2909.759414669568,30787.562964845132,3.8333333333333335,33944015.20837049,500550966.26461446,4895311754.357805,1764292404.46821,evid0006,0
155,1050,0.5998250471898185,180.25512613807732,558.8031914604035,-540.1457899792122,1098.9489814396156,0.06349698687072253,-0.1577066148967563,19495362.17348484,2420.9247367445464,43842.00119293285,6.3,26386715.775447667,441276486.3826533,2359874690.8391485,3058331170.504764,evid0006,0
156,1080,-0.1757600820126339,86.66864629173844,264.6998337401441,-251.8120993149472,516.5119330550913,0.12001627789075324,0.06941519931543194,4506891.084989337,1345.2773647703236,15838.99925290089,6.3,19954485.540812973,153805360.6650738,618303688.5973917,588271837.7727051,evid0006,0
157,1110,-0.013698668801311365,57.028056142275176,152.23325448107056,-187.43801520318544,339.671269684256,-0.16179445183684324,-0.19337081107403797,1951319.6250120099,910.8573865827917,8060.551608354177,3.966666666666667,29722527.99259309,96377259.51646894,275340454.39131296,213562231.20104143,evid0006,0
158,1140,0.22322306999998057,66.58406940275556,227.48203236910825,-266.4793937022039,493.96142607131213,0.050483411563403684,0.6955355720463157,2660092.87606197,1134.2984412003407,8187.429678101326,3.966666666666667,25638116.963741675,149960019.2200611,395536590.0274406,251392622.3461578,evid0006,0
159,1170,-0.3231712437350775,135.7916227918761,413.9913755906599,-369.40753048301576,783.3989060736757,0.05985866537060286,-0.2307133817557303,11063681.556062365,1583.7414069577744,37425.36904637667,6.3,29676525.950137652,174694856.42573288,1377784958.000731,1765567828.1751163,evid0006,0
160,1200,-0.05692186808490973,125.24410946687236,422.5124643592039,-402.99952915119826,825.5119935104021,0.04512226445574272,0.15547071855321803,9411654.117749384,1590.5920664774646,34136.41596300951,3.966666666666667,15856419.83984686,275906394.34820926,1870321746.6320105,691504986.4831896,evid0006,0
161,1230,0.0043902240263612195,138.10348939013448,508.4260135634795,-461.34907356799033,969.7750871314698,0.08610363745296624,0.5516595623449865,11443544.280603034,2095.61310140582,20537.70779590358,6.3,40686965.64344102,331264931.3433409,1918489631.7146838,1193471627.235945,evid0006,0
162,1260,0.2650985419979662,57.15904664596773,186.13488468563008,-207.10435186717623,393.23923655280635,-0.15354080137019147,0.7095666137222469,1960336.13442773,928.0928730834887,7540.660279453258,3.966666666666667,33825381.51433453,97140276.51965153,278106289.9905234,214084713.77119145,evid0006,0
163,1290,0.08941633195845242,42.27394666884697,166.60917665628585,-135.97315368013406,302.5823303364199,0.1539051338174354,0.5473631097876526,1072256.737344563,675.1134330996222,5324.33138783438,3.8666666666666667,25962235.043701045,51607084.65372583,187788580.3525029,82933001.54120323,evid0006,0
164,1320,0.03601901492626366,50.481979296191746,167.60726205572465,-225.07293910712383,392.68020116284845,-0.16175682375995326,1.1880391642050219,1529058.918618341,876.019019015565,6551.408994737215,6.3,23165828.366414547,89198055.06920658,156733981.04286128,212961228.4060483,evid0006,0
165,1350,-0.14632668020822795,49.778500035037716,132.98252290595957,-149.4070033182328,282.38952622419237,0.023657881618045024,-0.0681949777871087,1486752.2863413543,871.638196049758,6275.601062107769,3.933333333333333,30275415.911964167,131900771.39013876,193109703.55749416,120781456.75792015,evid0006,0
166,1380,0.11235040082862083,47.67876331224649,156.436018344959,-126.48043064174851,282.9164489867075,0.055428070462537234,-0.14620928998914362,1363966.2561586732,743.1060416747077,7236.253737253569,3.966666666666667,25308999.028875176,72713777.23810868,205565327.6715312,129431785.69969842,evid0006,0
167,1410,-0.15445110455044864,40.28951729716399,149.6745631307587,-134.23935204001987,283.9139151707786,0.17252061468390537,0.4490357302061243,973961.4355093039,688.0354502645301,5649.656565295118,3.966666666666667,21654421.964863446,61075409.02323658,110715623.3620929,119416360.80750397,evid0006,0
168,1440,0.07049366883336158,33.85037787955776,103.82867922577599,-109.6417293552064,213.4704085809824,-0.08116362125180739,-0.013287196159929238,687511.8311677193,596.7396266251584,4861.301164231781,1.0,24746767.552812546,59088012.09423695,54655828.71434465,93043302.89194882,evid0006,0
169,1470,0.0016238717196020976,102.1314733635218,324.14485044999645,-324.68540989532806,648.8302603453245,-0.05817175999691213,0.31008077307818027,6258502.712424435,1525.1929131356699,16160.400124067717,3.8333333333333335,38014584.35395794,325566871.94662815,1204586053.9486969,353792210.5340312,evid0006,0
170,1500,0.035716244052849365,83.48791819750421,372.57650783704605,-313.1802329192886,685.7567407563347,0.1724325688938431,1.16675417516724,4182140.2563619465,1265.0585730877685,12849.13802761396,6.3,25843467.592523232,214546662.62129712,655230778.8126125,386415574.2631769,evid0006,0
171,1530,-0.015131074708179095,37.08654973246387,144.29483830688042,-133.29050012624037,277.5853384331208,0.05019347940169748,0.24780884640953493,825247.4400047627,650.702758142496,4521.827777955859,1.0,21390528.962786455,62117155.39688346,99575705.99018101,85315354.93008584,evid0006,0
172,1560,-0.03762409474556077,27.7928868340164,121.76482701775944,-76.64603662369103,198.41086364145048,0.14328926427272407,0.2717326517161198,463467.5844845686,506.19212024818324,4417.745328097628,1.0,20512972.553830456,45563510.89791684,35666651.80583198,57769942.87158834,evid0006,0
173,1590,0.13019494059936088,31.781621936843344,108.16134686399026,-154.5510440735866,262.71239093757686,-0.10635810145430352,0.64245291040515,606053.0661953997,567.2562578708043,5384.198308502343,1.0,29530498.258159596,56829907.03487229,40597133.28869933,84429918.75515527,evid0006,0
174,1620,-0.01292349986403939,64.23702824375711,198.12001988246533,-238.01273185989874,436.13275174236406,-0.11042505850397266,0.4590086390688852,2475837.578763658,1012.8972736129957,9542.998182384406,3.8666666666666667,20640097.34680262,112012000.02105884,350350995.5436479,283651711.31399924,evid0006,0
175,1650,-0.1154568111291761,37.632300958471056,118.69078259890912,-114.50023202130386,233.19101462021297,0.04465758251070655,0.2744290767546005,849722.0434225067,630.6762456081829,4714.290184336707,1.0,22873718.92977401,53508367.73627226,93927682.48687078,109521529.96097478,evid0006,0
176,1680,-0.04680719183825815,38.863837039944,116.91472697716094,-115.03711373594952,231.95184071311047,-0.01858411980153425,-0.17854335173013336,906240.0122283186,662.5636353041009,5433.549950534288,6.333333333333333,25711086.211741995,74742329.30370146,96083373.80611591,103401153.0148658,evid0006,0
177,1710,0.03879288965769381,36.6193475342574,103.93443633626607,-122.17615321761465,226.11058955388074,-0.09356144488850573,0.1442034012186637,804586.871233807,629.1030127568771,4488.319198391432,1.0,21493890.50808333,65041895.90958087,99745725.18546484,76155743.48714924,evid0006,0
178,1740,0.048753261750627386,44.69262290491458,152.33564879760547,-152.81477894813125,305.1504277457367,0.1874816649641852,0.7666509437869848,1198459.7514008563,794.7586417878463,5398.465638921042,3.8333333333333335,21627124.67999069,107913801.83319522,136151380.1923346,116904072.70096938,evid0006,0
179,1770,-0.06032260472343663,41.66365158022616,156.07314294471962,-116.94350700856279,273.0166499532824,0.1598185999996231,0.26760449492529004,1041518.1010890735,634.5511444879423,6662.377028346065,3.8333333333333335,26356984.986631516,59467614.024820365,150825539.15001512,101243738.82191703,evid0006,0
180,1800,-0.05490305963814206,41.715474618348374,133.47954268365848,-112.58784253895874,246.06738522261722,0.09233033516952548,-0.18436544035747238,1044110.3021880148,706.8384659024562,5036.581328413636,3.8666666666666667,20693697.36233588,69178254.24870004,146610323.81302136,97132845.75333056,evid0006,0
181,1830,0.09437942521219739,54.755190336511696,149.8634150295629,-150.67396995572886,300.53738498529174,0.026283568342888874,-0.10177166945327976,1798883.8657581161,835.2955216330788,10917.080242042135,6.333333333333333,24953722.675206,81757802.60417554,206747342.71760625,253109687.01259923,evid0006,0
182,1860,0.08369711459429657,63.0794215153571,172.13315109229865,-172.98784304425317,345.1209941365518,-0.03577729286604511,-0.24342781010605474,2387412.254351452,939.0216589135264,9823.794080157995,3.966666666666667,20424001.66400052,107818533.8993047,373606687.6972403,233220477.6096766,evid0006,0
183,1890,-0.18333954030020322,62.15789239751981,165.467733903326,-177.59189609602666,343.05962999935264,-0.023004016081329865,-0.29216466177994693,2318182.3204132137,906.0447852885845,14462.469978667148,6.333333333333333,21565691.07324324,79107881.33644134,244760866.30875954,371722739.9090743,evid0006,0
184,1920,0.04279854492785851,42.56026577320326,144.98279878083048,-137.8900768746727,282.8728756555032,0.03478434774600176,0.3575907205662858,1086826.832640687,730.7124887795967,4822.279211432736,1.0,24704170.43744887,72449622.10337391,115979989.52138036,136907139.38236725,evid0006,0
185,1950,0.029217508051200505,35.49789751584954,134.5607549416548,-177.792348372985,312.35310331463984,-0.03559144095765682,1.1969480096065626,756060.9490251201,624.5739153233216,5181.995928474074,1.0,27361780.528534643,52037594.116626985,67335928.71068643,107685968.26558435,evid0006,0
186,1980,0.07834798516018494,49.14044773113323,194.44492619070542,-162.11870106079235,356.5636272514978,0.12786506993130017,0.8129972055557335,1448873.8449738093,788.5046131217555,7256.125311400583,6.333333333333333,26728984.76838285,64092540.5436654,160204937.55885795,210998292.6805498,evid0006,0
187,2010,-0.08402216326517489,41.964563465273095,180.96053479827785,-171.62375627000097,352.58429106827884,-0.09362616736650682,1.3260294507735484,1056618.987932912,716.6677714734249,4712.213924604774,1.0,22853757.174572147,63436243.8532023,105322818.29093161,148019409.2369123,evid0006,0
188,2040,-0.16067384037490712,66.39464653395093,237.68808177578234,-275.016218604036,512.7043003798183,-0.17776268305736634,2.4365009248826324,2644964.9426707583,1125.4767153726941,10325.736726139014,3.8666666666666667,19824182.038172636,131387985.09441261,377482317.4834187,289050114.98444265,evid0006,0
189,2070,0.08554946248011286,112.20218977699722,392.8001467812385,-375.82526389288427,768.6254106741228,-0.014973332762077143,0.17432311329193384,7553603.225678297,1629.747881683123,20955.328837239333,3.8333333333333335,26329816.65726892,287677233.2179759,1132718601.233992,846720953.0091944,evid0006,0
190,2100,0.13072890396463535,96.62626332048906,283.09577957690624,-262.1210127303941,545.2167923073004,0.03282867045414401,-0.0904118967469798,5601991.111996092,1511.5621439975043,17009.23217219672,3.966666666666667,30127680.648818173,201405855.2081671,1024771068.714521,467760780.92668986,evid0006,0
191,2130,0.1164835125012661,292.6576653961249,1202.152891449879,-885.8718858531058,2088.024777302985,0.13382387419191072,0.5809579221403061,51389113.61011134,4033.3342328116473,46234.987671328716,2.3666666666666667,92448856.18104996,12419044497.406462,2037392665.2996802,1015263688.6749084,evid0006,1
192,2160,0.835057251221527,408.6486085170451,1228.435663439531,-1283.487885597804,2511.923549037335,-0.0698622346872445,0.009821052883577153,100196629.538118,5470.056847634366,53826.174293963275,2.433333333333333,330591244.2574634,24527577808.628563,4597102376.030395,907338034.6625879,evid0006,0
193,2190,-0.8212841963047591,380.210735636024,1247.5028103308687,-1122.96436491953,2370.4671752503987,-0.020157191217328115,-0.241522977555225,86736526.80037056,5121.680115842812,50667.95944669623,2.433333333333333,56270046.819487974,21051848413.84153,3917505597.791837,1060284103.7312454,evid0006,0
194,2220,0.28332035302329606,373.29543498245005,1059.5632797871303,-1003.0557727910402,2062.6190525781703,0.014930098807545103,-0.29864531204563693,83609737.2294954,5299.41715364406,43326.43250741288,2.3666666666666667,130543382.262351,19850750903.024834,4121063622.549345,1212958730.7582626,evid0006,0
195,2250,-0.17007608823308298,387.2108733442119,1171.5017010592067,-1695.1011442001952,2866.602845259402,-0.07547008611420926,0.6038125091728315,89959373.61711788,5894.567980769284,42676.443341647166,6.333333333333333,87598875.38154395,14375634608.619936,7590970321.241222,4980292279.320336,evid0006,0
196,2280,-1.0822369997312327,345.88187795488585,925.4895900007432,-1206.5590904831581,2132.048680483901,-0.01228659712426445,-0.25519846096048937,71781266.84071329,5363.6119783755275,40516.69100579191,2.3,84840649.88256526,12002106110.102608,5836026449.283298,3681922715.7963367,evid0006,0
197,2310,1.9321492967753886,283.63392076323896,718.0191980881318,-703.2864618374006,1421.3056599255324,0.011595759021768565,-0.49748641800995497,48271160.5250594,4189.5139882698,32597.6907555059,2.0666666666666664,196888164.6160252,10796488189.495676,3028421532.9803205,754889382.4145787,evid0006,0
198,2340,-0.8408319241985646,253.04329375402958,878.782308693312,-842.7548221883412,1721.5371308816532,0.23172882536495,0.47480566222098464,38418969.30732771,3867.158344367502,25436.143700978082,2.1,83479689.28416666,7958180129.79703,2540188469.0004787,1018336886.9623548,evid0006,0
199,2370,-0.24783562984764104,302.9001219549779,828.7131300499777,-994.892785811443,1823.6059158614207,-0.024676252351074783,-0.235198142204732,55049127.18170394,4779.482757361729,40908.48913299508,3.966666666666667,89407186.62537533,9759182451.16618,4050809921.9831448,2709176384.559101,evid0006,0
200,2400,-0.6846859875318482,266.0947857394699,650.3444900219388,-827.709309688406,1478.0537997103447,-0.18680738200897742,-0.16360203654127536,42484142.27558155,4099.460161275172,37751.64233893626,3.966666666666667,46921339.44361577,7485320148.65099,3780435978.8658485,1472266233.6645563,evid0006,0
201,2430,0.8206894471882833,212.93885878888958,672.9118835986228,-770.4622930642057,1443.3741766628286,0.015777609758894775,0.12277960951340905,27206178.668090038,3250.617670728343,28597.228205876145,2.466666666666667,64898227.81643102,5947119019.048359,1646580779.9443183,559923687.583686,evid0006,0
202,2460,0.43431030424771144,184.97682937423485,631.2674442656264,-581.1405231136766,1212.407967379303,0.0419849920345979,0.10683677135137382,20529969.6184711,2863.04819811897,20291.289387242377,2.0666666666666664,46090280.26186663,4419413544.859834,1182399712.0164866,567921202.8844821,evid0006,0
203,2490,-0.0133727563294993,202.0643604356959,571.9102787835757,-660.3267339756134,1232.237012759189,-0.0885607772391548,-0.033420695905103326,24498003.56227047,3077.384587717281,27560.60939448831,2.3333333333333335,33953432.49553242,5431915876.933757,1305089921.0241287,624311657.4155966,evid0006,0
204,2520,-0.898789627986348,159.24429057890902,550.4475503909075,-476.0256236075091,1026.4731739984165,0.20711826794156935,0.09362526275799699,15215731.142865233,2534.564887784791,16252.79893678244,2.2666666666666666,52502620.44556947,3181322232.5690045,1124904674.4159796,258412853.97422075,evid0006,0
205,2550,1.3071390039231963,236.88317750271347,755.5551105438808,-788.1458845788509,1543.7009951227317,-0.03916076918969801,0.15894500480705487,33669209.03769457,3348.0302602036927,27359.491642253193,1.5333333333333332,371992507.45170146,8858962034.12912,894153201.5089753,278763027.54020524,evid0006,0
206,2580,0.06735370541572062,293.8178490626516,896.6869963065764,-1065.0223108053528,1961.7093071119293,-0.03774201088943747,0.33073346876307896,51797359.77859486,4042.6917018309873,37356.2180128226,2.466666666666667,186571676.1829266,13972267912.548594,1074994325.45581,414934709.60904336,evid0006,0
207,2610,-0.294700915589918,319.3331163652795,1070.2387426530688,-856.0870804303798,1926.3258230834485,0.11106494184285141,-0.23762808351456632,61184235.63371449,4459.818358924774,55668.11296753646,2.3333333333333335,56406195.19981356,16191225879.396294,1695402208.868799,532126193.58657885,evid0006,0
208,2640,-0.20132036037838286,341.5585039676185,932.2228329093587,-905.9932104154811,1838.2160433248398,0.06182628786192659,-0.3247230177205318,69997351.2974911,4757.028921852471,53481.124493015726,2.3666666666666667,135411920.3243472,18636998659.12122,1766766154.7676024,575917180.9535743,evid0006,0
209,2670,-0.351571761609603,261.6126196663434,889.3359664235542,-756.9137680168242,1646.2497344403782,0.07780372287703644,-0.16661473858489417,41064771.82283424,3853.135346346462,27024.92662509943,1.9,251613443.89991146,10236090864.509165,1508698106.0054255,516052338.70351803,evid0006,0
210,2700,-1.117355905224967,230.1257903408457,858.8772370956316,-765.8103132247568,1624.6875503203883,-0.005830376130151696,0.25449762462387016,31775476.718530685,3465.0801072528184,26858.42994374553,2.3333333333333335,89478575.52719727,7793958829.909949,1273737587.6615298,437911824.9587995,evid0006,0
211,2730,1.208842742503839,237.35142014295852,750.6394930195708,-804.7738085046319,1555.4133015242028,-0.02819732530079582,0.10559837341800593,33802294.76679319,3324.916574232875,33565.41083440656,2.4,73774240.93311639,8787928797.80159,1096638872.4252439,306691193.3984417,evid0006,0
212,2760,0.08598553023138986,203.1370974191414,629.6511488793678,-623.2844134848375,1252.9355623642055,0.06400271777217592,-0.10462189845855008,24758812.64483109,2952.254192489898,26109.49426785281,2.3333333333333335,109312596.88792497,6322251623.137909,766025847.2266717,270179112.04485404,evid0006,0
213,2790,-0.05845400578164856,167.5315084275486,487.1538005324575,-577.6194211907164,1064.773221723174,0.0618929026683843,0.2464566005384059,16840085.83972835,2437.2883485102852,26621.563278166195,2.5,39928911.1814508,4068797690.285654,723298743.2381392,237285230.95793843,evid0006,0
214,2820,0.036166107310731756,156.33506010873515,537.973509274704,-540.6479457098254,1078.6214549845295,0.059151377889218607,0.4034547947211018,14664391.396313494,2327.6351998388086,16906.33689765554,1.7333333333333334,89947654.73621953,3651951794.4860954,523425239.8806779,179885071.9742159,evid0006,0
215,2850,-0.4913356169302771,133.5630919471743,451.9018664019865,-461.06835271376707,912.9702191157536,0.02070120776281497,0.34352748850824044,10703604.564706681,2072.7058404177656,20631.984351206058,2.3666666666666667,79906103.1526528,2442537688.6559305,541159569.7802362,200722869.09963873,evid0006,0
216,2880,0.6956582173868785,135.88710465836562,490.10176317303365,-324.3843605386357,814.4861237116693,0.07166945776949132,-0.14758604012521204,11079473.491673414,1935.0230129258641,20210.698599683314,2.5,58908144.84427582,2880017964.0831294,323340901.7103989,141143891.84686163,evid0006,0
217,2910,-0.9046841100619744,113.80642064303095,390.4366028579266,-335.1364785323883,725.5730813903149,0.18406096715077414,0.06801371039202575,7771631.899750501,1829.8256530126084,11971.646111365539,2.533333333333333,33694220.9755455,1770587355.6492977,374411114.666076,157644506.49164513,evid0006,0
218,2940,0.78498710104722,116.1176336916799,315.3211601156414,-418.6071641408081,733.9283242564495,0.04637851320266534,0.042822974743069064,8090352.635342378,1809.4956350116097,11205.474157175984,2.2,60938587.873455524,1653181194.8444788,543557141.207685,201259514.03207624,evid0006,0
219,2970,-0.4987414258962077,109.91497475459803,369.60077387512933,-328.67875822358207,698.2795320987113,0.051106547979120204,0.0026259028673982776,7248930.250988296,1678.0191358115837,13900.758698634543,2.3,38393644.128646314,1480595161.1725245,508773206.0852293,170299754.104487,evid0006,0
220,3000,-0.06201510512685459,121.56729798836807,338.91564911341646,-376.8185992440408,715.7342483574573,0.05849224914855939,-0.05896871786462121,8867167.071639566,1629.9980852361568,29022.37559971298,3.966666666666667,25321633.996287875,1024747327.8326437,1435749916.5643902,195318505.7921381,evid0006,0
221,3030,0.09311299681236515,85.27673711811265,231.76252800569335,-263.21390081575373,494.9764288214471,-0.1002728306823619,0.017167884241698683,4363278.338125121,1304.8314500158865,11964.204478558499,2.3333333333333335,42021905.367305174,1054725199.6598157,130315019.24992275,118196247.3404595,evid0006,0
222,3060,-0.021383185848162754,78.42916720471057,232.63542717845803,-199.76197642874502,432.39740360720305,0.12456828285477652,-0.07186456459836243,3690680.835399051,1229.677602129786,11197.606129859541,2.3666666666666667,52843975.001292974,781863642.8481412,213431125.6255319,110228544.8995023,evid0006,0
223,3090,0.05020724781768474,67.84858824203323,238.89979786098596,-187.53812548558244,426.43792334656837,-0.005883863023471374,-0.10948957325294417,2762060.068322822,1100.0735996074227,10078.671977081349,2.2,39788524.71297541,593865221.2113441,145239701.3907358,83105948.61467901,evid0006,0
224,3120,-0.22562048029350137,66.19387793907673,205.75675038021797,-204.37794038983031,410.1346907700483,0.09182235007872865,-0.16149023680628272,2629008.2287287097,1086.9880222883742,6437.596619844433,2.2333333333333334,27529821.062906303,472881061.2452344,221611317.12241784,98104318.00484161,evid0006,0
225,3150,-0.05652691171491578,75.80714274680652,221.99977646295068,-185.45147485305338,407.45125131600406,0.10672122659320983,-0.2055888603795748,3448035.6520358687,1214.2890501374818,8278.146465880998,3.8666666666666667,41349056.305090256,531685763.0399325,360714737.010869,137741854.13267353,evid0006,0
226,3180,0.3258543711694055,94.7978162509385,276.654411367898,-302.6462242115962,579.3006355794942,-0.027471506835535477,0.031091880635280233,5392039.288210746,1347.3585371630895,19192.408099378594,4.0,24035297.139868505,453904180.1287738,985887541.4370067,172819624.967435,evid0006,0
227,3210,0.14106171335124246,72.08654135570195,234.69506867384962,-212.00090484398856,446.6959735178382,0.0491829465025947,-0.09061868782398275,3117893.6058205813,1116.097458382964,9444.534899820066,4.0,27824399.878224324,325893171.2481369,382749165.36391914,221532412.95637754,evid0006,0
228,3240,-0.020509614123692285,57.05471507939118,228.6487860140926,-179.08244174386795,407.73122775796054,0.04384569969158894,0.39244303025326177,1953144.5600608678,942.0193518859857,6588.762677997928,3.966666666666667,33501571.503236458,293031445.968393,202216535.63063776,85186880.6123711,evid0006,0
229,3270,-0.27819201214772493,49.14866992215051,130.29896486416092,-160.09995946222088,290.3989243263818,-0.06060238455034793,0.008436227123053808,1449401.4875472751,844.2189397259083,5740.032787428783,2.4,20779253.371032313,250147056.00836203,99176885.28788672,78012948.11619136,evid0006,0
230,3300,0.23535801037732815,46.12849793387162,123.98442543921003,-125.08482953847157,249.0692549776816,0.09688130386514941,-0.3071229625624947,1276736.2290169485,782.9213484810974,6481.279789194478,4.0,29408778.76215281,197705740.37116957,118698281.76790716,62324213.569044515,evid0006,0
231,3330,0.044416207626439025,45.86313697221702,174.1596726737391,-110.43858087345117,284.59825354719027,0.21243412719863186,0.016650669721284483,1262057.5834391038,759.8173638288747,6075.335487137758,1.0,39734753.01952666,258266104.531959,60800843.877152994,57639917.027270146,evid0006,0
232,3360,-0.23247939059758513,42.14866497819225,131.41247609644807,-135.5801465457729,266.99262264222097,-0.030584818108855282,0.06182332979659133,1065938.4036665654,744.2189223838218,4865.557667165357,1.0,29023777.97481677,168410249.18395522,55924472.97714107,90699922.58924352,evid0006,0
233,3390,-0.06581505976917727,37.955310401708346,102.92245654860987,-102.90494664997777,205.82740319858766,0.05777982426903278,-0.49639959976436865,864365.9515872733,653.0571089384481,4439.506542666655,1.0,21696770.36521522,149663003.9289164,55155189.618932575,52830766.62278201,evid0006,0
234,3420,0.05383891647132264,37.46342022121912,114.02990355949245,-104.19935640584599,218.22925996533843,0.03559443034636825,-0.2685465989815663,842106.4519803458,636.8925072693949,5129.088611336838,1.0,31370422.826403905,143954348.11308345,41817622.22878087,62931086.30134016,evid0006,0
235,3450,0.04011729040042849,38.20500484573177,117.58259380683057,-110.94301044269818,228.52560424952875,0.09234744185659123,-0.11311180519957897,875774.4027956263,667.7614942663523,5555.218324369626,1.0,33423771.91072185,131583967.41227317,61099545.466154926,67917779.56158161,evid0006,0
236,3480,0.09028630002250085,52.43131914867855,165.62591533400615,-144.63671149270357,310.2626268267097,-0.040967349987172934,-0.028095910584787998,1649430.8275719343,842.7506981716713,7566.802281652696,3.933333333333333,33178472.278068814,110105608.8856111,254806542.16385868,128752495.71147314,evid0006,0
237,3510,-0.1023262878110296,44.91387157684141,149.57246474714205,-205.3025237185283,354.87498846567036,-0.04346649814468219,0.8688158504796353,1210359.7984141074,786.6772602205821,5674.238354384798,6.4,25494953.38539754,138856324.02187473,99119759.6040453,123738163.37921363,evid0006,0
238,3540,0.09649916980208749,41.91319611283377,142.98691172369195,-154.6519733604514,297.63888508414334,-0.023960318788164077,0.2178618459362096,1054035.192289582,680.3174070737565,5815.818670962088,3.966666666666667,17182091.51660755,96611023.32351062,128687236.73518477,88959731.97298881,evid0006,0
239,3570,-0.02345211387948564,18.55038420749383,82.60260181592032,-88.3846249153582,170.98722673127853,-0.19567459980933813,3.003008629724623,206470.38254836918,329.8446961616649,2040.7818251112599,1.0,5358861.910099186,24396880.88456215,16225307.222880406,20275749.69774233,evid0006,0
